{
    "version": 2,
    "builds": [
        {
            "src": "client/**",
            "use": "@vercel/static"
        },
        {
            "src": "api/index.js",
            "use": "@vercel/node"
        }
    ],
    "routes": [
        {
            "src": "/socket.io/(.*)",
            "dest": "/api/index.js"
        },
        {
            "src": "/api/(.*)",
            "dest": "/api/index.js"
        },
        {
            "src": "/",
            "dest": "/client/index.html"
        },
        {
            "src": "/(.*\\.js)",
            "dest": "/client/$1"
        },
        {
            "src": "/(.*\\.css)",
            "dest": "/client/$1"
        },
        {
            "src": "/(.*\\.html)",
            "dest": "/client/$1"
        },
        {
            "src": "/(.*)",
            "dest": "/client/$1"
        }
    ]
}